{
  "buildCommand": "pnpm run build",
  "outputDirectory": "dist",
  "devCommand": "pnpm run dev",
  "installCommand": "pnpm install",
  "framework": "astro",
  "regions": ["all"],
  "functions": {
    "src/pages/api/**/*.ts": {
      "runtime": "nodejs18.x"
    }
  },
  "rewrites": [
    {
      "source": "/admin/(.*)",
      "destination": "/admin/$1"
    }
  ],
  "headers": [
    {
      "source": "/(.*)",
      "headers": [
        {
          "key": "X-Content-Type-Options",
          "value": "nosniff"
        },
        {
          "key": "X-Frame-Options",
          "value": "DENY"
        },
        {
          "key": "X-XSS-Protection",
          "value": "1; mode=block"
        }
      ]
    },
    {
      "source": "/(.*)\\.(js|css|svg|png|jpg|jpeg|gif|ico|woff|woff2|ttf|eot)",
      "headers": [
        {
          "key": "Cache-Control",
          "value": "public, max-age=31536000, immutable"
        }
      ]
    }
  ]
}
